longitude,latitude,value,LandCover
146.15395,-41.36876,62.92879,2
145.38063,-40.85064,59.836807,17
146.59254,-38.65747,64.72911,2
143.37798,-38.45676,65.34351,5
143.37169,-38.4537,62.26323,9
142.55417,-38.39184,74.56403,9
143.65767,-38.38997,64.31143,10
142.56908,-38.236,60.074993,9
142.56779,-38.23449,62.160706,9
141.05653,-37.23245,66.49712,9
141.06107,-37.23201,66.04127,9
141.05592,-37.22834,66.18657,10
141.06042,-37.22791,66.75488,8
144.76036,-37.07288,63.174614,10
144.81161,-35.85502,62.51198,12
149.7953,-35.56894,60.7313,2
146.84457,-35.00967,61.893383,12
145.94643,-34.54034,63.63896,10
148.20888,-34.44353,60.436005,12
149.48708,-33.77698,60.909416,8
138.3582,-33.74329,64.22387,12
148.23665,-33.4521,62.042896,12
145.83707,-33.29287,58.88252,10
148.95401,-33.28695,60.870354,10
147.4249,-33.21279,59.02896,10
145.46619,-33.20938,66.50064,10
146.2265,-32.97282,61.42144,9
146.22578,-32.96951,61.131363,9
148.16354,-32.61858,60.867367,10
145.67297,-31.37804,65.572685,9
146.13808,-31.04475,67.008316,9
148.56206,-29.35216,67.97784,9
138.51944,-17.6499,64.583595,10
138.52885,-17.57811,64.99955,10
138.52831,-17.57442,65.30979,10
138.52779,-17.57072,65.82991,10
138.52271,-17.56765,67.79235,10
138.52727,-17.56703,66.63553,10
138.53127,-17.56273,69.93786,10
138.52968,-17.55165,70.26571,10
138.52914,-17.54796,69.80408,10
144.19202,-16.93661,70.81671,10
144.16745,-16.93356,66.78124,10
144.15907,-16.93139,70.80871,10
144.23824,-16.92551,67.74752,10
144.13155,-16.91121,68.93496,10
144.12704,-16.90842,65.83517,10
144.21048,-16.9053,70.248276,10
144.12137,-16.89878,65.84139,10
144.13586,-16.88632,65.7421,10
144.19058,-16.85629,64.32556,10
138.72697,-16.81972,64.37828,10
138.71339,-16.81791,63.998497,10
144.91052,-16.77427,65.42201,10
144.91466,-16.77357,64.5476,10
137.68031,-16.77329,67.64966,9
144.90988,-16.77073,65.36158,10
144.91403,-16.77003,69.29841,10
137.68468,-16.76882,66.8037,9
144.91711,-16.76222,64.52734,10
144.93042,-16.75683,65.572685,10
144.92899,-16.75656,65.16763,10
137.63782,-16.75535,64.77226,6
137.94685,-16.59138,68.37503,6
137.94057,-16.58072,67.455284,6
137.94003,-16.57695,71.089516,6
137.94421,-16.57254,70.290665,6
137.94366,-16.56878,67.01425,6
137.94312,-16.56501,63.28485,6
137.94258,-16.56125,69.81286,6
137.82959,-16.51464,63.875107,6
137.82426,-16.51147,64.775734,6
137.82712,-16.51126,71.05826,6
144.96916,-16.51065,74.079605,10
135.95789,-16.19495,71.002594,10
135.95737,-16.19071,72.80178,10
135.95273,-16.18699,72.82109,10
135.94305,-16.1753,72.25174,10
135.94713,-16.17478,71.846756,10
135.93793,-16.16732,71.318634,10
135.9333,-16.1636,77.00982,10
135.93269,-16.15936,76.6695,10
135.94899,-16.15731,72.70884,10
135.92802,-16.15564,75.71106,10
135.93613,-16.15462,77.07606,10
135.94839,-16.15308,68.6796,10
135.92741,-16.1514,78.586296,10
135.94368,-16.14936,71.3151,10
135.92685,-16.14716,76.95368,10
135.94308,-16.14513,72.87839,10
135.93846,-16.1414,71.52938,10
136.85643,-16.05354,65.61627,10
136.86177,-16.05285,64.20124,10
136.83878,-16.04365,70.190216,10
135.42667,-16.04296,78.168365,10
135.43103,-16.04241,76.27165,10
135.42175,-16.03913,75.69926,10
135.41675,-16.03531,76.270645,10
135.41177,-16.03148,75.16847,10
135.41618,-16.03092,76.25137,10
135.40685,-16.02764,74.92245,10
136.64801,-16.02719,68.516136,10
136.64815,-16.0264,68.32108,10
135.40195,-16.02379,58.767067,10
135.40631,-16.02325,75.028496,10
135.40144,-16.0194,75.051605,10
135.40579,-16.01886,75.85839,10
135.39664,-16.01554,73.972374,10
135.40096,-16.01501,75.245,10
135.39622,-16.01114,75.26282,10
135.8624,-15.96162,80.32905,10
135.86891,-15.94785,70.7088,10
135.87241,-15.94309,79.57627,10
135.87592,-15.93834,80.327354,10
135.87773,-15.92086,71.57908,10
135.86008,-15.91053,68.98898,10
135.85971,-15.91014,66.78545,10
135.76859,-15.90941,77.04002,10
135.77258,-15.90889,77.99225,10
135.77669,-15.90837,75.42861,10
135.87602,-15.90813,71.84777,10
135.78079,-15.90784,74.213135,10
135.85954,-15.90629,70.46886,10
135.85918,-15.90589,70.50339,10
135.8717,-15.9047,71.505875,10
135.85849,-15.89778,68.056206,10
135.86205,-15.89301,68.53573,10
135.86153,-15.88876,73.38262,10
135.86501,-15.88399,67.83115,10
135.85983,-15.87603,71.27926,10
135.82849,-15.85842,70.65405,10
135.83255,-15.8579,67.83349,10
135.82391,-15.85467,78.269554,10
135.86514,-15.85378,69.54162,10
135.81871,-15.84668,73.85653,10
135.82277,-15.84617,73.23309,10
135.81419,-15.84291,71.753006,10
135.8553,-15.84208,70.114365,10
135.81375,-15.83864,72.76535,10
135.85475,-15.83783,73.19308,10
135.85022,-15.83408,65.36158,10
135.85425,-15.83358,70.65168,10
135.84975,-15.82982,72.60415,10
135.84409,-15.81758,72.149994,10
135.84346,-15.81334,71.87066,10
135.84302,-15.80908,69.766045,10
135.84343,-15.80491,75.25568,10
135.84259,-15.80482,75.25568,10
135.83789,-15.80108,53.393124,10
135.84207,-15.80057,76.57985,10
135.83406,-15.79749,71.573715,10
135.83826,-15.79695,72.14716,10
132.0264,-15.79656,67.65222,10
135.83356,-15.79324,72.66502,10
132.02217,-15.79148,71.015755,10
135.8288,-15.78953,68.473885,10
135.83304,-15.78899,72.78453,10
135.82024,-15.78632,69.69992,10
132.02159,-15.78599,68.37824,10
135.82826,-15.78528,71.24908,10
132.02098,-15.78051,70.33028,10
132.02039,-15.77503,69.00061,10
132.01978,-15.76955,69.76046,10
132.0155,-15.76447,62.588688,10
132.01917,-15.76406,68.79577,10
132.01118,-15.75939,67.36535,10
132.01486,-15.75899,69.76046,10
136.18263,-15.69287,63.62553,6
136.18207,-15.68872,65.50743,6
136.18153,-15.68458,63.635494,6
136.1655,-15.68239,70.46931,6
136.17711,-15.68092,70.55291,6
136.18097,-15.68043,71.661064,6
136.16054,-15.67458,69.781395,10
136.15997,-15.67043,69.70369,6
135.05336,-15.66912,70.78994,10
135.05791,-15.66854,71.34206,10
135.0731,-15.64396,72.3184,10
135.06685,-15.63115,72.32187,10
135.06174,-15.62725,72.05155,10
135.07082,-15.62613,68.44284,10
136.28918,-15.61764,69.781395,6
136.28864,-15.61352,70.29986,6
136.31133,-15.61055,70.31314,10
136.2843,-15.60991,71.62138,6
136.28809,-15.60941,72.357475,6
136.31078,-15.60644,72.37246,10
136.27997,-15.60629,68.95369,6
136.2951,-15.60431,68.44356,6
136.31403,-15.60184,68.341255,10
132.04405,-15.59818,64.19369,10
132.01828,-15.59559,63.444073,10
132.02193,-15.59517,64.03029,10
136.30914,-15.59412,72.37246,10
132.04347,-15.59272,68.766716,10
136.30859,-15.59001,70.55423,10
135.52011,-15.5877,68.6887,10
135.52431,-15.58716,63.422203,10
136.30426,-15.58639,72.190346,10
132.05371,-15.58603,63.093235,10
128.33626,-15.57853,63.824642,10
141.85159,-15.53126,70.01351,10
135.52351,-15.5061,69.38768,10
135.41058,-15.50294,69.61027,10
141.81575,-15.47219,67.43248,10
141.81932,-15.47165,69.735054,10
141.81165,-15.46943,69.6292,10
141.8111,-15.46612,68.48599,10
141.82321,-15.45069,67.26113,10
141.81909,-15.44793,69.941666,10
141.74397,-15.43568,68.745575,10
135.47435,-15.3872,64.312256,10
135.47798,-15.38233,70.083694,10
135.48163,-15.37747,63.9458,10
135.48582,-15.37694,68.24313,10
135.49002,-15.37641,67.572426,10
135.34575,-15.36812,68.263435,6
135.4931,-15.36723,69.86653,6
135.33652,-15.36484,70.37869,10
135.49254,-15.36291,65.71197,10
135.49675,-15.36238,69.00121,10
135.50096,-15.36185,69.60266,6
135.50514,-15.36132,71.73648,6
135.51778,-15.35972,71.106064,10
135.52197,-15.35919,70.083694,10
135.52617,-15.35866,71.0018,6
135.54553,-15.30985,69.14611,10
135.54979,-15.30929,69.39072,9
135.5452,-15.30815,69.14611,10
135.52818,-15.30774,69.48976,6
135.54947,-15.30762,67.99104,9
135.53236,-15.3072,67.23651,6
135.55373,-15.30709,68.240204,9
135.55797,-15.30657,67.196846,9
135.5278,-15.30592,69.35573,6
135.54935,-15.30498,69.48336,9
135.55359,-15.30442,68.10754,9
135.55779,-15.30387,67.97408,9
135.55327,-15.30278,78.792206,9
135.5616,-15.30176,68.89809,9
135.6201,-15.29889,68.60506,10
135.59903,-15.29848,67.21181,10
135.59879,-15.29717,67.137726,10
135.61559,-15.29631,67.22149,10
135.58603,-15.29582,66.643776,10
135.61972,-15.29577,67.85909,6
135.61537,-15.29512,67.76563,10
135.5607,-15.29475,68.05538,9
135.61951,-15.29461,64.44019,6
135.58575,-15.29442,67.31575,10
135.5813,-15.29207,68.285614,10
135.61499,-15.29203,68.61808,10
135.61479,-15.29085,66.839355,10
135.57658,-15.28833,67.41179,10
135.56358,-15.28565,64.545944,10
135.57187,-15.28458,67.88181,6
135.576,-15.28404,62.885273,6
143.70503,-15.28388,66.02013,10
143.70891,-15.28326,68.19449,10
135.58844,-15.28243,74.04579,10
135.57127,-15.28029,68.1371,6
135.63872,-15.28024,64.38483,10
135.57957,-15.27921,69.537766,6
135.58371,-15.27868,64.47962,10
143.70772,-15.27641,64.32394,10
143.70328,-15.27361,66.21856,10
141.78915,-15.13638,69.95147,10
141.79573,-15.13198,72.73251,10
144.58797,-15.04901,68.625496,9
141.70448,-14.99997,75.9989,10
133.21719,-14.92642,64.385376,10
133.21077,-14.92212,64.86582,10
141.70511,-14.9148,73.33816,10
141.70866,-14.91426,79.54201,10
141.70457,-14.91149,73.44031,10
141.70811,-14.91094,73.91568,10
141.70403,-14.90818,72.32726,10
141.71114,-14.90709,68.99963,10
141.71471,-14.90654,79.83087,10
141.69637,-14.90596,78.16458,10
141.69994,-14.90542,70.23001,10
141.7106,-14.90378,80.04235,10
134.62796,-14.89697,64.82117,10
134.63295,-14.89637,63.853992,10
134.60365,-14.8953,68.92828,10
134.60838,-14.89473,68.49917,10
134.60446,-14.89412,67.98061,10
134.60919,-14.89351,68.22931,10
134.61392,-14.8929,68.6344,10
134.60304,-14.89075,79.22275,10
134.6125,-14.88961,73.55225,10
144.55258,-14.83702,63.780502,9
144.54779,-14.83415,62.318825,9
134.61961,-14.82286,67.36759,10
142.46599,-14.79,67.671,10
142.46182,-14.78723,64.98432,10
142.46542,-14.78666,67.63444,10
142.47266,-14.78553,65.963036,10
142.49849,-14.78489,67.365845,10
142.50211,-14.78432,64.21168,10
134.67076,-14.77511,69.10228,10
142.46683,-14.77277,64.74647,10
142.47293,-14.76497,65.86332,10
131.60516,-14.75743,69.898766,10
142.30069,-14.73101,67.02689,10
142.30014,-14.72769,73.73998,10
132.73701,-14.66871,66.4476,10
144.19429,-14.66346,64.22073,10
132.71831,-14.64482,64.61607,10
132.71085,-14.63524,65.12897,10
142.22769,-14.62669,70.23838,10
142.23128,-14.62613,73.73998,10
142.22357,-14.62393,64.97496,10
142.22714,-14.62337,70.58825,10
142.23074,-14.62281,67.54879,10
142.22659,-14.62005,65.43675,10
142.21529,-14.6184,64.86855,10
142.21889,-14.61784,67.564255,9
132.80705,-14.5875,63.347256,10
132.81134,-14.57143,64.32738,10
132.46284,-14.56304,69.04893,10
142.23834,-14.55719,64.77209,10
142.23064,-14.55498,67.25462,10
142.2527,-14.55496,66.07149,10
142.23421,-14.55442,67.949905,10
142.2563,-14.5544,65.01309,10
142.25575,-14.55108,64.49839,10
142.26183,-14.54331,68.48981,10
142.25409,-14.5411,67.52814,10
142.26128,-14.53999,67.606865,10
142.26486,-14.53943,67.81852,10
142.26845,-14.53887,67.35815,10
142.27205,-14.53831,65.11357,10
142.26791,-14.53554,67.689186,10
134.92772,-14.52965,63.979618,10
134.92714,-14.52522,63.984165,10
134.92525,-14.52476,64.832146,10
142.29088,-14.51832,65.099495,10
142.29446,-14.51776,67.61943,10
142.29031,-14.51499,67.85861,10
134.9165,-14.51308,70.23646,10
133.15404,-14.51117,64.23002,10
133.15353,-14.50616,64.54028,10
142.29944,-14.50333,67.38639,10
142.30608,-14.49888,67.98442,10
132.97385,-14.49725,65.809166,10
133.35674,-14.49625,64.94722,10
142.30553,-14.49555,67.61364,10
142.30913,-14.49499,67.35815,10
142.34204,-14.49325,64.5094,10
142.22824,-14.47353,68.211685,10
132.20308,-14.45428,70.32526,10
132.20644,-14.45389,70.023155,10
132.20979,-14.45351,69.66025,10
132.23351,-14.45079,67.66478,10
132.1924,-14.4501,70.54074,10
132.19576,-14.44972,70.00005,10
132.19913,-14.44933,72.40523,10
132.20248,-14.44895,70.09497,10
132.20587,-14.44856,70.51074,10
135.2086,-14.44855,73.55225,10
132.20923,-14.44818,70.09993,10
142.05093,-14.44678,66.5944,9
142.05449,-14.44622,67.838104,9
142.05806,-14.44567,64.56031,9
132.18504,-14.44554,71.34069,10
132.1884,-14.44516,71.75507,10
142.10919,-14.44455,66.81443,10
142.13121,-14.44453,66.67243,10
132.19853,-14.444,70.00005,10
142.0611,-14.4418,63.84712,9
132.18108,-14.44059,66.10525,10
132.18443,-14.44021,70.22006,10
132.18779,-14.43983,70.228424,10
132.19116,-14.43945,70.60565,10
142.07895,-14.43903,67.2138,9
132.19792,-14.43868,64.9777,10
132.17943,-14.43698,71.654015,10
132.18279,-14.43657,70.20876,10
132.18614,-14.43616,67.6392,10
132.18951,-14.43576,66.16618,10
132.19287,-14.43535,69.749504,10
132.18045,-14.43526,71.73541,10
132.19626,-14.43494,71.67744,10
132.18381,-14.43488,71.75515,10
135.18076,-14.43444,63.702667,10
132.19394,-14.43373,70.32526,10
142.07787,-14.43239,67.73418,9
135.17592,-14.43063,68.77462,10
135.18021,-14.43008,69.25817,10
132.15388,-14.42382,70.859535,10
142.05426,-14.42245,67.58348,9
142.05783,-14.42189,63.669903,9
132.15825,-14.42155,68.7871,10
132.15671,-14.41807,70.16551,10
135.1302,-14.41425,67.80068,10
142.12878,-14.40745,67.59231,9
129.53754,-14.40286,67.688736,9
132.86975,-14.40265,65.95101,10
133.43121,-14.40244,68.04371,10
133.42921,-14.39987,68.634,10
129.53809,-14.39903,67.11882,9
142.15524,-14.3897,67.57084,10
130.00148,-14.38558,67.44942,10
133.65703,-14.38534,67.90767,10
134.38892,-14.38481,64.82327,10
133.63434,-14.38316,67.88616,10
132.9534,-14.38239,68.989204,10
133.65063,-14.38121,68.64402,10
133.65611,-14.38056,69.027954,10
133.66174,-14.37988,66.33136,10
133.62294,-14.37962,68.73234,10
133.66716,-14.37923,69.2204,10
133.62831,-14.37898,65.32781,10
142.23048,-14.37794,67.59052,10
142.23405,-14.37738,66.9502,10
133.6445,-14.37705,69.43661,10
133.6499,-14.3764,67.69446,10
133.6154,-14.37634,67.36859,10
133.62074,-14.37567,68.43655,10
133.61699,-14.37543,68.13856,10
142.22992,-14.37462,67.35014,10
133.64761,-14.37226,68.51473,10
133.64928,-14.37158,68.51473,10
133.61101,-14.37123,65.00647,10
133.60889,-14.36734,68.76673,10
133.6142,-14.36668,66.89781,10
133.61043,-14.36639,68.82302,10
129.54547,-14.36635,67.973885,9
142.25754,-14.36347,66.5566,9
129.53975,-14.36059,65.17576,9
142.25699,-14.36014,67.378654,9
129.55908,-14.35214,64.73938,9
129.55338,-14.34639,66.86204,9
142.17317,-14.34632,64.161156,10
129.5584,-14.34585,67.86656,9
142.17677,-14.34576,64.293816,10
133.66252,-14.34555,65.267494,10
133.66051,-14.34126,67.36663,10
142.17567,-14.33912,67.214195,10
142.15666,-14.33525,64.10702,10
142.17348,-14.32582,66.90142,10
142.16934,-14.32306,63.870865,10
142.17293,-14.3225,67.12069,10
142.16881,-14.31973,64.957146,10
142.17238,-14.31918,66.413345,10
133.67281,-14.30552,69.01646,10
133.69952,-14.30224,66.75768,10
133.66685,-14.30136,69.26195,10
133.65536,-14.29787,67.870735,10
133.6608,-14.29721,67.64552,10
133.66618,-14.29655,65.404015,10
133.64934,-14.29371,68.802025,10
133.65469,-14.29306,67.835304,10
133.66011,-14.2924,67.81141,10
133.69223,-14.2885,67.736465,10
142.15813,-14.27709,64.79009,10
129.69536,-14.27439,65.198204,9
130.94603,-14.26381,63.69304,10
142.24004,-14.26087,67.60774,9
142.15143,-14.25789,67.218376,10
142.18065,-14.25677,64.6763,10
142.15088,-14.25457,64.5352,10
142.15446,-14.25401,67.66991,10
142.15392,-14.25069,67.45024,10
129.98747,-14.2501,68.502205,9
129.9879,-14.2497,68.502205,9
142.14978,-14.24792,64.8391,10
142.17625,-14.23018,64.52231,9
142.17986,-14.22962,65.59547,9
132.29961,-14.21378,69.711914,10
129.61708,-14.20872,65.48246,9
142.16885,-14.20746,67.97157,9
129.61574,-14.20442,69.54004,9
142.1683,-14.20414,67.75925,9
129.61653,-14.20244,68.28751,9
142.16776,-14.20082,64.64788,9
142.05304,-14.19484,67.74947,9
142.25494,-14.19404,65.6467,9
142.24916,-14.18128,67.13357,9
142.24861,-14.17796,66.99073,9
142.16945,-14.16646,64.73724,9
142.173,-14.1659,68.2373,9
142.17247,-14.16257,67.7764,9
142.25554,-14.15297,67.625786,9
142.25499,-14.14964,68.08771,9
130.33836,-14.14946,64.16945,10
142.26163,-14.14519,66.817604,9
142.01216,-14.12649,67.770454,9
142.01572,-14.12594,67.158295,9
142.00804,-14.12373,64.164154,9
142.14,-14.12367,67.4277,9
142.0116,-14.12317,67.37715,9
142.14357,-14.12311,67.30818,9
142.13945,-14.12034,64.55909,9
142.1389,-14.11702,67.682014,9
142.14249,-14.11646,67.64048,9
134.81631,-14.11392,65.138306,10
134.81581,-14.10947,66.988556,10
142.0605,-14.10877,67.388336,9
142.15517,-14.10426,65.71611,9
142.14474,-14.08543,65.61057,9
142.28328,-14.07744,64.74238,9
130.30933,-14.06477,67.622154,10
142.12659,-14.0644,67.564735,9
142.02394,-14.04645,67.01158,9
142.02748,-14.04589,67.248886,9
142.1602,-14.0455,66.13203,9
132.14508,-14.04518,65.34771,10
142.01982,-14.04368,67.90386,9
142.02339,-14.04313,67.007,9
132.5641,-14.0431,66.26952,10
142.02695,-14.04257,66.99425,9
142.01212,-14.04147,67.055374,9
142.0157,-14.04091,67.77354,9
132.14449,-14.03986,64.61159,10
142.15488,-14.03977,65.62143,9
142.15845,-14.03922,64.32129,9
142.02998,-14.0387,67.34086,9
142.01158,-14.03815,69.732956,9
132.56349,-14.03793,63.55906,10
142.01515,-14.03759,76.61403,9
142.01872,-14.03704,67.433754,9
142.15433,-14.03645,65.5417,9
142.15378,-14.03312,67.30621,9
142.1348,-14.02925,68.11879,9
142.15269,-14.02647,67.06321,9
142.14856,-14.0237,67.17881,9
142.15215,-14.02315,64.483444,9
142.14444,-14.02094,67.45552,9
142.14801,-14.02038,67.3373,9
142.86349,-14.01707,66.71556,9
130.37141,-14.01221,68.67575,10
130.37148,-14.00954,68.72486,10
142.1494,-14.00652,65.32057,9
142.14777,-13.99655,67.291,9
142.14722,-13.99322,67.1915,9
133.65495,-13.99118,63.080566,10
142.14667,-13.9899,66.90446,9
142.15025,-13.98934,70.97089,9
142.14253,-13.98713,68.96934,9
142.14613,-13.98657,76.24198,9
142.1497,-13.98601,67.040085,9
142.13483,-13.98492,66.64299,9
132.07426,-13.98478,68.343544,10
142.13841,-13.98436,65.5417,9
142.14198,-13.9838,65.5417,9
142.14558,-13.98324,65.50494,9
142.14915,-13.98269,67.3373,9
142.14503,-13.97992,67.58483,9
132.07031,-13.97984,70.98271,10
142.14394,-13.97327,64.420616,9
142.14752,-13.97271,68.3441,9
142.15109,-13.97215,64.462074,9
142.24297,-13.97145,65.48474,9
142.1434,-13.96994,63.701202,9
133.38931,-13.9694,67.05401,10
142.14697,-13.96939,64.12587,9
142.15054,-13.96883,66.873985,9
142.24242,-13.96811,66.84638,9
142.14285,-13.96662,67.02486,9
142.14999,-13.9655,67.83731,9
142.24187,-13.96478,67.05346,9
142.1423,-13.96329,68.2744,9
142.14587,-13.96273,67.2235,9
142.14944,-13.96217,65.35913,9
142.24133,-13.96145,66.47401,9
142.13818,-13.96053,64.74618,9
142.14175,-13.95997,67.300125,9
142.14532,-13.95941,67.54255,9
142.1489,-13.95885,74.208786,9
142.1525,-13.95829,63.729206,9
142.1412,-13.95665,65.35913,9
142.14478,-13.95608,67.53652,9
142.14835,-13.95552,65.62143,9
142.15195,-13.95496,66.90568,9
142.14066,-13.95332,64.47608,9
142.14423,-13.95276,67.383705,9
142.14368,-13.94943,67.13322,9
142.27617,-13.94916,66.540306,9
142.14728,-13.94887,68.392654,9
142.14673,-13.94555,63.893593,9
129.93593,-13.94454,69.16533,10
132.2334,-13.94434,67.48355,10
129.9407,-13.94403,68.28283,10
132.23676,-13.94394,74.10579,10
129.93657,-13.94383,75.043724,10
129.94135,-13.94328,76.58684,10
134.68068,-13.94214,65.36158,10
142.13846,-13.94002,64.539276,9
134.67099,-13.93882,69.46931,10
129.93529,-13.93842,64.44249,10
142.10916,-13.93815,67.036354,9
134.71675,-13.93761,66.825645,10
134.69818,-13.93541,64.15457,10
142.23337,-13.93538,67.226494,9
142.10861,-13.93483,66.98842,9
142.26266,-13.93419,64.59455,9
134.67487,-13.93379,67.29568,10
134.72978,-13.93144,63.96471,10
142.28064,-13.93137,67.558815,9
134.73422,-13.93088,65.347626,10
134.73866,-13.93032,64.47096,10
134.74309,-13.92976,67.7412,10
134.7475,-13.92921,69.16637,10
133.76552,-13.92914,67.2097,10
133.76729,-13.92779,65.23531,10
134.76509,-13.927,63.780926,10
134.66457,-13.92598,68.18715,10
142.09982,-13.92596,66.76623,9
134.6691,-13.92542,68.3206,10
142.21367,-13.92534,67.264915,9
133.76494,-13.92438,68.540794,10
133.76672,-13.92303,69.26969,10
142.10284,-13.92208,66.701096,9
142.10641,-13.92153,65.57767,9
134.664,-13.9215,68.706764,10
134.77332,-13.92145,67.43039,10
142.26405,-13.9203,67.91006,9
132.11176,-13.91557,64.705574,10
142.25624,-13.9153,63.93443,9
142.25984,-13.91474,65.37548,9
142.25209,-13.91253,67.08568,9
142.25569,-13.91197,67.2383,9
142.28143,-13.91138,67.00837,9
142.2773,-13.90861,67.25613,9
142.10425,-13.90823,64.141205,9
142.28088,-13.90805,67.15428,9
131.34425,-13.90758,68.534065,10
142.23552,-13.90145,67.1026,9
142.0883,-13.90049,67.328255,9
131.86578,-13.89736,70.15722,10
131.86525,-13.89195,70.038315,10
134.76251,-13.88769,69.11136,10
131.85768,-13.88736,64.31559,10
131.86119,-13.88695,70.36562,10
134.75748,-13.88383,63.719315,10
134.76637,-13.88267,64.54254,10
131.85712,-13.88195,68.62488,10
131.86063,-13.88153,72.84287,10
131.85655,-13.87653,69.57915,10
131.86006,-13.87612,69.694336,10
142.209,-13.87484,67.19054,9
142.12798,-13.87385,65.49997,9
142.20486,-13.87208,67.54774,9
142.12743,-13.87052,67.535965,9
142.20432,-13.86875,67.75264,9
134.78256,-13.86703,64.06367,10
142.10844,-13.86667,67.070206,9
142.10789,-13.86334,67.08792,9
134.78203,-13.86259,69.19704,10
142.1002,-13.86113,64.11304,9
132.54639,-13.85992,67.24878,10
142.11093,-13.85946,65.419556,9
132.54594,-13.85775,68.168945,10
129.9901,-13.85749,65.59818,10
132.47829,-13.85561,68.3487,10
132.54262,-13.85513,64.454056,10
132.54219,-13.85298,69.649536,10
132.47478,-13.85248,69.0342,10
132.47797,-13.85212,63.436947,10
130.43007,-13.85112,69.51447,10
129.99422,-13.85088,67.75294,9
142.12415,-13.85057,67.448784,9
132.54202,-13.84996,63.763996,10
142.19221,-13.83991,67.71871,9
129.91542,-13.82846,66.54931,9
129.91383,-13.82819,70.07071,9
129.9099,-13.82285,70.28489,9
129.90829,-13.82262,70.849464,9
134.88481,-13.82242,69.650826,10
132.55702,-13.81453,69.213905,10
142.85634,-13.8144,66.81188,9
134.86539,-13.81147,71.77567,10
142.12413,-13.80994,67.79558,9
131.06377,-13.80987,65.339386,10
131.06776,-13.80943,68.85304,10
142.12772,-13.80938,64.762856,9
132.55644,-13.80937,63.372303,10
131.07172,-13.80899,64.08361,10
132.39145,-13.80811,64.906166,10
142.05396,-13.80721,67.56215,9
134.86482,-13.80706,72.47579,10
131.0668,-13.80684,69.20347,10
131.07074,-13.80638,70.60312,10
142.10513,-13.80607,67.377304,9
131.07463,-13.80592,65.31521,10
142.09744,-13.80386,67.60853,9
134.85541,-13.80377,67.55397,10
131.07109,-13.8033,69.90222,10
134.85982,-13.80321,70.412735,10
131.07498,-13.80287,69.86575,10
132.90463,-13.80282,67.13358,10
132.90517,-13.80252,68.98987,10
132.90768,-13.80243,68.309814,10
132.90823,-13.80217,68.53164,10
132.91072,-13.80206,68.39992,10
132.91125,-13.80181,65.74488,10
132.91371,-13.80168,67.6555,10
132.91426,-13.80146,71.78118,10
132.9167,-13.80131,68.55347,10
132.91724,-13.80111,67.673904,10
132.91968,-13.80094,67.80091,10
131.07014,-13.80069,66.95084,10
131.07404,-13.80023,69.79256,10
132.90083,-13.79818,67.08631,10
131.07439,-13.79718,69.83062,10
132.91899,-13.79592,68.38344,10
132.92152,-13.7905,66.397835,10
142.09471,-13.78723,67.30621,9
142.09828,-13.78668,66.06893,9
142.09418,-13.78391,67.60888,9
142.09775,-13.78335,65.62143,9
141.98375,-13.78066,67.95838,9
141.9873,-13.7801,68.49264,9
142.09721,-13.78003,65.0727,9
142.10796,-13.77835,67.68312,9
141.97963,-13.77789,66.783356,9
141.9832,-13.77734,65.38652,9
141.98679,-13.77678,65.40696,9
142.10741,-13.77503,65.71611,9
142.22855,-13.77319,67.59017,9
142.02138,-13.76458,64.862335,9
142.22691,-13.7632,66.71114,9
141.99532,-13.76183,67.99832,9
142.10883,-13.76116,78.792206,9
142.10828,-13.75784,68.09222,9
142.11186,-13.75728,67.486374,9
142.11902,-13.75616,67.696365,9
142.11131,-13.75395,65.71611,9
142.11436,-13.75006,67.22766,9
142.11327,-13.74341,64.23937,9
131.76089,-13.74266,70.027466,10
131.75925,-13.74077,68.74838,10
131.76276,-13.74034,65.906296,10
130.25922,-13.70072,67.300964,10
130.25946,-13.69787,65.549866,10
131.76109,-13.69651,67.108986,10
131.7569,-13.6915,69.21817,10
131.76045,-13.69108,66.33144,10
131.75624,-13.68608,70.19799,10
131.7598,-13.68566,68.58947,10
132.26376,-13.6793,65.801956,10
132.26508,-13.67872,67.48416,10
130.28157,-13.6558,68.400955,10
130.28601,-13.65529,64.87597,10
132.2496,-13.63269,64.43058,10
132.25291,-13.6323,66.76451,10
130.28352,-13.6314,68.11805,10
130.30125,-13.62941,68.05715,10
134.21053,-13.61817,68.1127,10
134.21532,-13.61755,67.47881,10
129.94867,-13.61324,68.185265,9
129.94983,-13.61215,69.1214,9
129.94341,-13.60764,64.33172,9
129.94803,-13.60714,68.25312,9
129.9446,-13.60658,67.83836,9
133.49013,-13.60241,69.86823,9
133.49542,-13.60175,69.32058,9
130.94165,-13.59937,65.116104,10
130.9402,-13.5974,69.639755,10
133.49962,-13.59143,69.795944,9
132.24051,-13.58053,64.88373,10
134.36917,-13.57931,68.62625,10
134.27306,-13.57761,63.401203,10
132.23996,-13.57527,64.03596,10
132.23984,-13.57507,63.597427,10
131.46239,-13.57497,64.365105,10
131.51488,-13.57453,68.463,10
134.24275,-13.56746,68.78033,10
131.53592,-13.56653,67.01377,10
132.23912,-13.56473,66.52083,10
132.239,-13.56453,66.65487,10
130.94043,-13.56262,70.1562,10
130.94446,-13.56215,66.68405,10
134.21303,-13.56185,64.832146,10
132.23885,-13.55944,67.47039,10
132.23874,-13.55923,67.60522,10
132.23853,-13.55393,67.33887,10
134.19684,-13.54986,68.3828,10
134.19803,-13.54975,69.7006,10
134.20639,-13.54869,69.63472,10
134.20757,-13.5485,68.99548,10
134.19263,-13.54578,68.35087,10
134.19615,-13.54528,78.792206,10
134.19736,-13.54517,68.760704,10
134.20096,-13.54469,65.31,10
134.20216,-13.54454,67.588165,10
130.89766,-13.54431,70.0191,10
134.19554,-13.54069,68.01141,10
134.19676,-13.54058,65.34456,10
132.16495,-13.53619,68.208725,10
134.42097,-13.5359,63.57112,10
131.65779,-13.53423,67.99869,10
131.66489,-13.53337,65.53764,10
131.68491,-13.5328,67.91103,10
134.41113,-13.53253,64.89342,10
134.41579,-13.53195,63.68361,10
131.65225,-13.53101,65.976585,10
131.65575,-13.53061,68.17373,10
131.64661,-13.53006,64.212326,10
131.6501,-13.52963,65.73199,10
131.65361,-13.52921,67.77038,10
130.87941,-13.52895,68.08162,10
130.87932,-13.52737,67.677734,10
131.64452,-13.52636,65.78094,10
131.64803,-13.52596,68.41098,10
131.64594,-13.52461,65.31797,10
131.64027,-13.52131,64.550995,10
131.64384,-13.52091,67.74166,10
131.64172,-13.51958,65.4888,10
131.64529,-13.51915,67.71021,10
132.10545,-13.51651,65.490685,10
132.10878,-13.51611,63.903374,10
132.1049,-13.51121,68.41099,10
132.67415,-13.51057,67.50062,10
132.67465,-13.50882,68.44567,10
132.17529,-13.50823,67.88147,10
132.08031,-13.50336,67.509796,10
132.17471,-13.50296,67.99383,10
132.07968,-13.49806,67.41554,10
132.07568,-13.49315,65.57501,10
132.1702,-13.49281,67.41068,10
131.17175,-13.49225,64.42627,10
132.08562,-13.49199,67.78349,10
131.172,-13.49021,63.08807,10
131.15207,-13.48891,70.01021,10
132.07275,-13.48878,64.33458,10
131.15584,-13.48846,68.81737,10
132.07607,-13.48837,65.58228,10
132.07939,-13.48797,67.18114,10
132.07503,-13.48785,66.11279,10
132.07834,-13.48746,67.01031,10
131.14845,-13.48716,65.45526,10
131.15221,-13.48674,70.01021,10
131.15598,-13.48632,68.81737,10
131.14777,-13.48372,69.66622,10
131.1515,-13.48327,71.14757,10
131.14786,-13.48152,70.80871,10
132.54056,-13.48028,67.987335,10
132.35611,-13.47617,63.644978,10
132.35909,-13.47582,65.20588,10
132.34894,-13.47175,67.455536,10
132.35207,-13.47138,68.07753,10
132.35518,-13.47101,65.43919,10
132.35828,-13.47064,65.358505,10
132.36139,-13.47027,63.937225,10
132.36458,-13.4699,66.99818,10
141.6828,-13.46353,66.95328,9
141.68634,-13.46299,65.05792,9
132.33774,-13.4559,64.8234,10
141.67603,-13.44419,67.44576,9
133.47864,-13.44272,71.59432,10
141.68259,-13.43979,66.89612,10
133.72726,-13.4314,71.45617,9
132.08604,-13.42806,64.95536,10
132.08199,-13.42318,67.651535,10
132.08134,-13.41789,65.44447,10
130.72972,-13.40357,70.288925,10
130.75421,-13.40071,68.302376,10
130.74129,-13.39637,64.86863,10
132.5842,-13.39391,69.27183,9
133.56918,-13.39275,64.397705,10
133.5677,-13.39271,64.560234,10
132.04753,-13.38963,66.33207,10
133.49747,-13.38702,69.432014,9
132.04237,-13.38582,64.25022,10
132.04572,-13.3854,67.96499,10
132.0435,-13.38472,66.27757,10
132.04686,-13.38433,64.25022,10
132.16093,-13.38172,68.08961,10
133.62465,-13.38059,70.41787,9
132.62344,-13.37871,69.00166,9
132.5827,-13.37852,65.256645,10
132.5858,-13.37814,68.947784,10
132.58881,-13.37777,69.09642,10
133.7971,-13.37766,65.78475,9
132.15698,-13.37684,67.82836,10
133.6189,-13.37648,70.258644,9
133.6241,-13.37582,70.41787,10
133.79846,-13.37467,65.858986,9
133.80351,-13.37406,68.806854,10
133.80164,-13.37229,70.04919,10
132.24878,-13.37138,64.90836,10
132.34029,-13.37113,64.65335,10
132.25198,-13.37101,66.148285,10
132.2552,-13.37063,67.79787,10
134.25923,-13.36915,63.892265,10
132.00952,-13.36831,66.28844,10
132.24814,-13.36615,67.602,10
132.33977,-13.36592,68.22991,10
132.34288,-13.36555,66.09523,10
132.58075,-13.36319,68.80657,10
132.34229,-13.36035,66.98124,10
132.75813,-13.357,65.40148,10
132.02199,-13.35601,68.2422,10
132.59863,-13.35583,69.1165,10
132.33852,-13.35552,64.43058,10
132.60168,-13.35546,67.77877,9
132.34163,-13.35515,65.8592,10
132.20737,-13.35498,67.74938,10
132.20592,-13.35487,78.247955,10
132.56404,-13.35482,69.77841,10
132.57321,-13.35371,70.48781,9
132.59796,-13.35073,68.35808,10
132.02164,-13.35067,66.364204,10
132.55731,-13.35043,67.0876,10
132.3409,-13.34997,67.915344,10
132.20526,-13.34963,64.45269,10
132.2554,-13.34409,67.68087,10
132.0784,-13.34378,68.19305,10
132.25391,-13.34362,68.7765,10
132.7648,-13.3408,67.14117,10
133.36636,-13.33956,73.747345,10
132.25343,-13.33837,65.87878,10
133.37872,-13.33402,66.415634,10
132.6514,-13.33395,76.24285,9
132.6544,-13.33359,67.64061,10
133.37653,-13.33341,69.216446,10
133.59763,-13.33071,64.76867,10
132.65089,-13.32885,68.62145,10
133.00343,-13.32672,71.671486,10
133.59706,-13.32594,65.85618,10
132.6413,-13.32484,69.84606,10
133.22159,-13.32443,71.85542,10
133.2381,-13.32234,72.290184,10
133.59128,-13.32181,70.24592,9
133.2043,-13.32164,72.7791,10
133.59648,-13.32116,69.78543,9
133.20987,-13.32094,72.98078,10
133.21539,-13.32024,72.44404,10
132.63753,-13.32012,68.224266,10
132.64059,-13.31975,68.5132,9
133.22092,-13.31955,69.47111,10
132.74596,-13.31745,62.313896,10
133.39087,-13.31693,68.18188,10
132.63393,-13.31538,64.966995,10
132.63686,-13.31503,65.08103,9
132.63992,-13.31467,68.68094,10
133.38715,-13.31327,72.709076,9
133.38493,-13.31273,69.01133,9
133.59013,-13.31225,69.30272,9
132.63174,-13.31216,68.47507,9
132.63332,-13.31028,64.33174,9
133.66342,-13.30809,70.26814,10
132.74347,-13.30749,65.35703,10
133.58954,-13.30748,66.49923,10
132.63113,-13.30707,66.85971,9
133.59123,-13.30651,66.23787,10
132.62378,-13.30624,64.69867,9
132.62975,-13.30554,68.51825,9
132.61852,-13.30347,65.07103,9
132.62157,-13.30309,66.54201,10
132.61395,-13.30223,66.0613,9
132.61703,-13.30186,67.47051,9
132.62009,-13.3015,68.27455,10
132.61174,-13.29915,64.41025,9
132.61482,-13.29876,68.862076,9
133.52034,-13.29623,74.18741,10
133.52373,-13.29605,74.66895,10
133.56323,-13.29558,67.60191,10
132.60497,-13.29482,64.48783,10
132.60805,-13.29443,68.44976,10
133.55544,-13.29222,73.07985,10
133.51794,-13.29187,74.07819,10
133.55727,-13.29149,66.16838,10
133.51982,-13.29142,70.82884,10
132.6013,-13.29009,66.55932,10
133.58195,-13.28901,68.52369,10
133.58369,-13.2881,69.43752,10
132.231,-13.28804,67.40965,10
132.23415,-13.28767,67.4656,10
133.55478,-13.28744,75.70604,10
132.23727,-13.28729,64.24636,10
133.08664,-13.28631,72.42698,10
132.5936,-13.28069,67.58544,10
133.84077,-13.27667,67.69637,10
132.87531,-13.27627,69.4795,10
132.03552,-13.27434,66.91315,10
132.03604,-13.27364,66.604774,10
132.04218,-13.27352,65.07993,10
132.03935,-13.27325,65.63113,10
132.04271,-13.27287,64.53123,10
132.87386,-13.27155,67.25246,10
132.02821,-13.26987,67.729836,10
132.03154,-13.26946,67.696175,10
132.02869,-13.26912,67.76403,10
132.03204,-13.26873,67.94163,10
132.02756,-13.26457,66.018,10
132.02803,-13.26382,66.018,10
132.08788,-13.2625,67.08418,10
132.36369,-13.25637,67.9688,10
132.35983,-13.25157,63.94144,10
132.67546,-13.24997,66.103264,10
133.63515,-13.23802,71.56443,10
132.34724,-13.22675,67.35554,10
132.35362,-13.226,67.28095,10
132.34618,-13.22517,64.652565,10
132.34935,-13.22477,64.710556,10
132.35254,-13.22438,76.61403,10
132.35571,-13.22398,65.18196,10
132.34244,-13.22037,65.618546,10
132.34564,-13.21997,67.10449,10
131.04628,-13.2199,68.476906,10
132.34183,-13.21518,67.45592,10
132.34505,-13.21478,67.4322,10
133.64268,-13.19255,71.046295,9
133.6398,-13.1892,64.619995,9
133.64493,-13.18857,68.316574,9
131.09355,-13.18586,66.646416,10
131.09219,-13.18225,67.919,10
133.77464,-13.17055,69.19932,10
133.77711,-13.16759,72.17226,10
133.77414,-13.16583,73.77339,10
133.61256,-13.16265,75.70724,9
133.53706,-13.14802,68.25716,10
133.52583,-13.14458,72.404976,9
133.53119,-13.1439,73.32586,10
132.74626,-13.1342,64.57406,10
132.7516,-13.12843,64.70591,10
133.59767,-13.12589,64.832146,9
132.75638,-13.11762,66.46218,10
132.75937,-13.11725,64.96627,10
132.75578,-13.11257,64.96627,10
130.1925,-13.10545,68.55136,9
130.19685,-13.10495,68.70117,9
130.19193,-13.09947,66.79489,9
130.19632,-13.09898,68.49457,9
130.19136,-13.0935,64.42818,9
130.18179,-13.08853,64.702446,9
134.03601,-13.08473,69.09423,10
130.23024,-13.08309,64.383064,9
130.22972,-13.07712,66.81414,9
132.75098,-13.0676,66.9716,10
130.1562,-13.06384,79.17095,9
130.15591,-13.06119,79.74973,9
133.67903,-13.05807,77.489525,10
130.21405,-13.05703,68.74961,9
133.67667,-13.0566,65.099495,10
133.75491,-13.04883,66.16838,10
133.65358,-13.04034,79.221725,10
133.65875,-13.03968,76.14038,10
133.64722,-13.03154,75.72651,10
133.62477,-13.01993,76.649635,10
132.45662,-13.01312,65.962875,10
132.45865,-13.01048,68.33457,10
132.45921,-13.00758,68.8662,10
134.08157,-13.00406,72.31038,10
133.61629,-12.99691,76.26581,9
133.6098,-12.98808,75.98016,9
133.6405,-12.97948,76.806404,10
133.81485,-12.97218,67.95639,10
141.78413,-12.95493,65.41274,9
132.11739,-12.94923,66.82417,10
132.11702,-12.94903,66.68665,10
132.11349,-12.94437,65.209435,10
132.11314,-12.94419,66.435,10
133.11655,-12.94154,76.02886,9
133.11336,-12.93927,65.18196,10
133.80084,-12.92848,65.57203,9
133.7953,-12.92444,74.8367,10
133.80521,-12.92316,76.433815,10
130.86462,-12.92177,66.84638,10
133.78964,-12.92041,76.13716,10
133.79471,-12.91976,77.60066,10
133.83487,-12.91933,69.65074,9
133.79968,-12.91912,76.180885,10
133.78398,-12.91639,70.770645,10
133.789,-12.91574,75.13581,10
130.86795,-12.91561,63.976177,10
133.79408,-12.91509,75.0859,10
133.83438,-12.91465,75.259056,9
133.78337,-12.91171,75.93457,10
133.56023,-12.91122,72.59354,9
133.79349,-12.91041,76.95576,10
130.86739,-12.90991,65.41263,10
133.79852,-12.90976,76.872,10
130.78607,-12.9077,68.19257,10
133.55963,-12.90646,68.7902,9
133.79793,-12.90509,77.60066,10
130.86674,-12.90421,63.786213,10
130.78545,-12.90197,64.98538,10
130.86209,-12.89897,67.18504,10
133.89133,-12.89313,69.03686,10
130.86549,-12.89281,64.37141,10
133.88591,-12.8891,74.36136,10
130.95284,-12.88852,67.93371,10
133.89075,-12.88848,74.96771,10
132.09349,-12.88801,68.22627,10
130.86803,-12.88433,64.0413,10
133.83521,-12.88136,74.37652,10
133.83951,-12.87607,71.18778,10
130.87062,-12.87248,66.56072,10
132.10132,-12.87109,65.11796,10
130.87067,-12.86914,66.89693,10
131.28835,-12.86084,67.79152,10
133.83217,-12.85804,72.332214,10
130.97672,-12.85712,67.785385,9
131.28398,-12.85573,64.16646,10
133.82169,-12.85461,70.574394,10
133.82664,-12.854,73.46944,10
130.86409,-12.85018,66.87026,10
132.08647,-12.84584,64.43424,10
131.85378,-12.84255,66.15076,10
132.08464,-12.84112,65.95199,10
132.08786,-12.84074,68.26748,10
132.0858,-12.8406,66.23772,10
131.31978,-12.84034,67.35962,10
132.08902,-12.8402,67.99233,10
131.33453,-12.83862,68.0872,10
131.85307,-12.83722,66.052216,10
133.69847,-12.83426,77.45249,10
131.32916,-12.83355,68.5006,10
131.33018,-12.83353,68.36138,10
133.70854,-12.83296,76.68989,9
133.71358,-12.83231,64.81881,10
133.69786,-12.82956,75.185974,10
131.32104,-12.82895,68.440254,10
131.32207,-12.82887,67.26189,10
131.3248,-12.82848,66.62287,10
131.32581,-12.82844,66.30589,10
131.47374,-12.82792,67.37395,10
131.4695,-12.82287,64.00176,10
131.31239,-12.8188,65.9806,10
131.31337,-12.81867,67.27951,10
131.30806,-12.81372,64.23262,10
131.30901,-12.81357,68.27475,10
131.31174,-12.81328,66.866714,10
131.85248,-12.80484,68.31391,10
131.84175,-12.80072,64.70072,10
131.8485,-12.79991,65.913345,10
131.52425,-12.77623,64.8651,10
130.99754,-12.7676,64.51189,10
130.99687,-12.76571,64.283646,10
131.20418,-12.75867,67.797485,10
131.01886,-12.71363,64.632515,10
131.02274,-12.71316,66.01292,10
133.60904,-12.70972,76.60676,10
131.5193,-12.70311,64.783104,9
131.51549,-12.69996,67.63934,9
131.51152,-12.69856,65.93262,9
133.62318,-12.69832,76.046875,10
131.51511,-12.69811,67.50203,9
131.02846,-12.69538,64.40863,10
131.51126,-12.69493,76.58684,9
131.51088,-12.69311,76.58684,9
133.61696,-12.68952,77.52357,10
131.51057,-12.68949,64.730354,9
132.85587,-12.67728,64.1791,10
133.61,-12.676,75.25914,10
131.26962,-12.67236,68.59179,10
133.70686,-12.66863,69.003204,10
133.71188,-12.668,70.770645,10
131.46046,-12.6661,65.58516,9
131.19745,-12.66407,66.81165,10
131.5434,-12.66153,68.15816,9
130.63927,-12.65251,64.7617,9
131.18813,-12.64826,68.5828,10
130.67587,-12.64817,66.96257,9
130.67995,-12.64769,66.583725,9
130.67525,-12.64242,69.22399,9
131.48311,-12.64123,68.14491,9
131.55138,-12.63853,65.40989,9
131.19411,-12.63697,65.92883,10
131.19449,-12.63625,66.14181,10
131.18979,-12.63187,66.71686,10
131.19014,-12.63112,66.71686,10
131.18196,-12.62643,65.17221,10
132.83972,-12.61268,64.46129,10
131.5002,-12.60053,65.40989,9
131.54538,-12.59328,67.47927,9
131.47762,-12.59212,64.38665,9
132.64317,-12.59144,64.196754,9
131.53873,-12.59049,67.551384,9
131.54228,-12.59008,65.1675,9
131.54123,-12.58829,67.34549,9
131.49471,-12.58461,68.2845,9
131.4938,-12.58315,67.594666,9
131.54099,-12.57922,67.97334,9
130.67233,-12.5787,67.70173,9
130.67076,-12.57713,65.64308,9
130.95993,-12.57434,64.06056,10
130.67012,-12.57139,67.98549,9
130.66698,-12.56766,63.336124,9
130.73376,-12.5579,65.76616,9
131.52681,-12.55703,67.74241,9
131.53033,-12.5566,68.153465,9
131.51193,-12.55334,70.7088,9
130.7292,-12.55265,66.56292,9
132.65332,-12.54931,65.3972,9
132.65494,-12.54923,64.494064,9
132.65013,-12.53451,67.74835,9
132.64055,-12.53061,66.31218,10
131.16914,-12.49941,69.80645,9
142.20607,-12.48129,67.53264,9
142.21329,-12.48016,65.91756,9
132.55293,-12.47995,67.269394,9
130.71265,-12.4792,64.755806,10
142.1983,-12.47907,67.06464,9
142.2019,-12.47851,67.17338,9
142.19052,-12.47686,67.17214,9
142.19414,-12.47629,67.44781,9
142.18637,-12.47408,66.9459,9
131.94482,-12.4681,64.27713,9
133.1602,-12.46451,64.39435,10
132.63394,-12.43984,65.15935,9
131.91983,-12.36415,67.423836,9
131.92641,-12.36335,64.47044,9
133.5656,-12.30984,75.74833,10
133.57005,-12.30447,67.12406,10
133.57504,-12.30382,75.09927,10
133.07996,-12.28353,67.43478,10
133.0817,-12.27984,67.07549,10
133.07933,-12.27866,67.93037,10
133.79453,-12.27523,70.05842,10
133.55585,-12.27277,66.12503,10
131.90103,-12.2598,66.888985,9
133.47897,-12.23442,68.288155,10
133.48039,-12.23261,68.45357,10
131.08488,-12.22879,66.238556,10
131.07188,-12.22558,67.82448,10
131.07562,-12.22512,65.60522,10
131.06924,-12.22498,69.84611,10
133.4583,-12.22106,70.770645,10
131.05669,-12.21515,66.50592,9
131.06041,-12.21471,67.556786,9
133.43474,-12.20482,68.20827,10
133.43997,-12.20415,67.842674,10
133.53798,-12.15796,68.36627,10
133.67932,-12.1542,68.320786,10
133.67378,-12.15016,66.71903,10
133.35669,-12.13246,63.989784,10
133.35527,-12.13213,65.32001,10
133.66203,-12.11086,65.906296,10
133.66698,-12.1102,67.17184,10
133.66348,-12.10877,64.88695,10
133.65158,-12.10749,64.88695,10
132.85635,-12.10167,65.923996,10
133.64752,-12.10127,65.3264,10
132.86195,-12.10099,65.02068,10
133.65247,-12.10066,64.212906,10
133.6407,-12.09943,67.54727,10
132.85881,-12.0993,67.22575,10
133.6456,-12.09878,78.792206,10
132.86441,-12.09857,64.521255,9
133.6505,-12.09814,66.88694,10
133.64211,-12.09719,67.82559,10
133.647,-12.09658,67.95614,10
132.86372,-12.09365,68.34132,10
132.8662,-12.09046,70.32987,9
132.8624,-12.08381,68.65174,10
132.85612,-12.0796,65.52638,10
132.72881,-12.07575,67.071915,9
133.58934,-12.05376,68.02734,10
133.58881,-12.04906,63.859108,10
133.5938,-12.04843,66.010315,10
133.58331,-12.045,66.399254,10
133.59825,-12.04309,66.7067,10
132.89496,-12.02465,68.00444,10
133.67612,-12.02368,63.539303,10
132.89435,-12.01974,64.7762,10
133.67554,-12.01902,68.31449,10
132.88249,-12.01622,67.01275,10
133.38448,-12.01597,67.76781,10
133.36331,-12.0139,63.33583,10
133.2892,-12.01383,63.66451,10
133.67986,-12.01374,68.43777,10
133.36845,-12.01323,65.838455,10
133.68475,-12.01312,65.368195,10
133.62619,-12.01276,68.1135,10
133.63112,-12.0121,67.40966,10
132.87622,-12.01201,67.7077,9
133.62935,-12.01063,65.97283,10
133.35745,-12.00982,67.63645,10
133.36267,-12.00914,67.36986,10
133.63054,-12.00743,67.513435,10
133.63548,-12.00677,70.70919,10
133.35164,-12.00574,70.64645,10
133.68033,-12.00553,69.8198,10
133.63371,-12.00533,65.91682,10
133.35684,-12.00506,76.60389,10
133.67868,-12.00442,67.72964,10
133.63493,-12.00209,68.315056,10
133.35101,-12.00098,67.66176,10
133.67976,-12.00087,67.62873,10
133.3562,-12.00031,67.54398,10
133.67815,-11.99975,68.43777,10
133.36137,-11.99964,67.63645,10
133.68956,-11.99956,67.45826,10
133.68304,-11.99914,62.91277,10
133.68793,-11.99853,67.8129,10
132.92845,-11.99801,67.29466,10
132.93401,-11.99728,64.159325,10
133.67926,-11.9962,67.72964,10
133.67273,-11.9957,66.81978,10
133.68416,-11.99555,66.613205,10
132.93097,-11.99524,67.889305,10
133.67763,-11.99509,67.88246,10
133.68904,-11.9949,67.8126,10
133.68253,-11.99447,66.51996,10
133.68744,-11.99386,65.91682,10
133.69231,-11.99325,67.91175,10
132.94775,-11.99316,65.58524,9
133.6739,-11.99218,67.924,10
133.6788,-11.99153,65.91682,10
133.67224,-11.99103,67.458275,10
133.6837,-11.99088,67.72845,10
133.67715,-11.99041,65.97283,10
133.68858,-11.99023,66.039604,10
133.68207,-11.9898,67.82314,10
133.69827,-11.98894,66.791084,10
133.69667,-11.98798,67.54105,10
133.69772,-11.98429,67.69253,10
133.69611,-11.98332,71.046295,10
133.13023,-11.97137,63.520435,10
133.70572,-11.96905,67.22734,10
133.71059,-11.96842,65.946106,10
133.23016,-11.9678,63.604088,10
133.71547,-11.96777,67.54727,10
133.72038,-11.96713,78.63146,10
133.69559,-11.96566,63.435383,10
133.70039,-11.96503,67.98878,10
133.70522,-11.9644,67.860435,10
133.22433,-11.96365,68.26587,10
133.71494,-11.96312,67.33376,10
133.71985,-11.96248,67.29588,10
133.72472,-11.96184,67.42408,10
133.68454,-11.95765,62.86802,10
133.72906,-11.95656,66.85837,10
133.73395,-11.95592,74.079605,10
133.63901,-11.9541,63.9171,10
133.67889,-11.95366,62.48723,10
133.68387,-11.95301,67.62992,10
133.73337,-11.95128,67.34013,10
133.51643,-11.95084,67.63806,10
133.73827,-11.95064,67.38938,10
133.68323,-11.94837,67.266594,10
133.23828,-11.94729,63.03457,9
133.68259,-11.94372,62.825287,10
133.74197,-11.94073,67.41328,10
133.68201,-11.93907,42.538715,10
133.68689,-11.93844,67.72964,10
133.73653,-11.93673,65.25561,10
133.74619,-11.93548,65.147125,10
133.48854,-11.93524,64.76209,10
133.68636,-11.93378,67.723,10
133.74075,-11.93147,68.721245,10
133.74562,-11.93084,68.05925,10
133.43611,-11.92745,67.335495,10
133.43272,-11.92639,67.40866,10
133.74504,-11.92621,67.82197,10
133.43785,-11.92571,63.976677,10
133.43033,-11.92336,67.19775,10
133.43547,-11.92272,66.95066,10
133.43208,-11.92167,65.28599,10
133.7444,-11.92159,78.63146,10
133.43721,-11.92099,65.18196,10
133.42966,-11.91864,64.793434,9
133.73337,-11.91359,68.06055,10
133.72247,-11.90555,67.9324,10
133.7171,-11.90152,65.61549,10
133.72194,-11.90091,68.05939,10
133.62883,-11.90026,70.12325,9
133.69701,-11.89936,68.669426,10
133.62697,-11.89873,68.12542,9
133.62329,-11.89625,68.94703,9
133.66968,-11.87918,69.0235,9
133.69908,-11.8755,70.26269,9
131.05937,-12.21584,65.90092,9
131.05124,-12.17725,67.006615,10
132.75378,-11.97057,63.760548,9
132.74745,-11.96633,67.16333,9
133.00214,-11.95857,68.78836,9
132.99622,-11.95438,65.06409,9
132.81868,-11.93721,64.15426,10
132.81239,-11.93298,72.00651,9
132.86487,-11.89641,64.419624,9
133.67145,-11.88038,69.01803,9
132.89096,-11.87823,67.62529,9
133.54984,-11.87742,67.769226,10
133.55984,-11.87611,64.8315,10
132.88933,-11.87578,64.94352,9
133.56987,-11.8748,65.64773,10
133.57484,-11.87414,68.44733,9
133.65041,-11.8737,68.97649,10
133.57983,-11.87349,65.786644,10
133.09081,-11.87325,66.80791,9
133.65532,-11.87305,68.150856,10
133.66026,-11.8724,68.03317,10
133.7002,-11.87184,68.47166,9
133.55922,-11.87143,67.58719,10
133.70508,-11.8712,68.112206,9
133.56422,-11.87077,69.15842,10
133.56923,-11.87012,66.51619,10
133.64973,-11.86905,65.94232,10
133.09431,-11.86863,64.29365,9
133.65468,-11.8684,67.93738,10
133.61891,-11.86362,68.75986,10
133.74091,-11.84293,67.245316,9
133.71597,-11.84148,68.1141,10
133.75543,-11.84102,67.34907,10
133.09068,-11.83961,67.55517,10
133.73055,-11.83958,68.464966,10
133.71051,-11.83748,43.292156,10
133.71536,-11.83685,66.30247,10
133.75485,-11.8364,69.76745,9
133.75967,-11.83577,68.900635,9
133.72507,-11.83558,66.06009,10
133.70985,-11.83285,68.42524,10
133.71475,-11.83222,67.652245,10
133.72449,-11.83095,68.09383,10
133.12213,-11.8306,67.06586,10
133.7639,-11.83052,69.32513,10
133.77837,-11.82864,74.04759,10
133.70924,-11.82822,70.88711,10
133.7832,-11.828,68.97854,10
133.71414,-11.82758,66.06009,10
133.78802,-11.82738,65.435684,9
133.71906,-11.82695,68.451004,10
133.72392,-11.82631,66.27002,10
133.72881,-11.82568,67.51345,9
133.77777,-11.82402,68.30163,10
133.81673,-11.82363,66.30794,10
133.71358,-11.82295,67.44854,10
133.78743,-11.82276,68.291595,9
133.71849,-11.82231,66.27857,10
133.7234,-11.82168,68.57749,9
133.72826,-11.82105,67.9753,10
133.73308,-11.82042,68.46259,10
133.81613,-11.81903,68.796616,10
133.70807,-11.81895,67.74672,10
133.78201,-11.81878,68.401344,10
133.71297,-11.81831,65.983864,10
133.78685,-11.81816,67.44854,10
133.7179,-11.81768,66.27002,10
130.07324,-11.81539,62.32946,9
133.7373,-11.81518,69.295815,9
133.81555,-11.81443,67.84382,10
133.78143,-11.81417,67.44854,10
133.78625,-11.81354,66.06009,10
133.71727,-11.81305,67.97825,10
133.7222,-11.81242,68.97649,10
130.07233,-11.811,82.10532,9
133.77113,-11.81081,68.10816,10
133.73671,-11.81055,68.77024,9
133.776,-11.81018,67.68181,10
133.78084,-11.80956,66.09876,10
133.71176,-11.80905,67.867714,10
133.78564,-11.80894,69.346344,10
133.71667,-11.80842,66.083984,10
133.76569,-11.80682,66.30601,10
133.77055,-11.80619,65.435684,10
133.77541,-11.80557,67.642166,10
133.78024,-11.80495,67.68181,10
133.82399,-11.80398,67.34882,10
133.71609,-11.80379,67.72464,10
133.87233,-11.80239,71.32307,10
133.76514,-11.8022,76.63108,10
133.87712,-11.80177,66.09876,10
133.85748,-11.79965,68.41119,10
133.71545,-11.79916,68.41119,10
133.86226,-11.79903,66.06009,9
133.82822,-11.79876,67.779724,10
133.75966,-11.79821,67.59536,9
133.83298,-11.79815,66.05564,10
133.72523,-11.79791,68.519196,9
133.84741,-11.79629,68.01698,10
133.8522,-11.79567,66.27002,9
133.85696,-11.79505,79.22275,10
133.71481,-11.79453,77.919044,10
133.86172,-11.79444,70.82884,9
133.71973,-11.79391,66.09876,9
133.75908,-11.79359,67.338936,9
133.83244,-11.79355,69.98817,9
133.72458,-11.79329,68.59911,9
133.83723,-11.79293,68.047935,10
133.84204,-11.79231,66.09876,10
133.84685,-11.79169,68.451004,9
133.89963,-11.78954,68.64401,9
133.04012,-11.78704,64.59997,9
133.76273,-11.78374,67.87853,9
130.06464,-11.78197,83.39918,9
130.21231,-11.78186,63.861404,9
130.06885,-11.78145,84.09694,9
130.21297,-11.78132,62.448376,9
130.21725,-11.78083,63.444843,9
130.22086,-11.78081,63.806908,9
133.76006,-11.77973,67.87077,10
133.76213,-11.77912,67.81068,10
133.76488,-11.77908,67.44854,10
133.76695,-11.77851,67.63492,10
133.80608,-11.77823,69.56595,10
133.78896,-11.77584,68.494835,10
133.79106,-11.77545,68.07721,10
133.90257,-11.77522,70.45144,9
133.90727,-11.77462,71.10449,10
133.80334,-11.7739,64.70591,10
130.23264,-11.77344,63.62815,9
130.23326,-11.77305,63.719635,9
133.78566,-11.77146,67.77971,10
133.78836,-11.77123,68.138824,10
133.86346,-11.77091,66.09876,10
133.90199,-11.77065,67.779724,9
133.86287,-11.76633,67.91039,9
133.86066,-11.76618,67.44854,10
133.90611,-11.76548,67.84023,9
133.87234,-11.76513,67.98136,9
133.87486,-11.76426,68.46896,9
133.80913,-11.76381,68.297966,10
133.81181,-11.7634,67.44854,10
133.81396,-11.7632,68.185425,10
133.85751,-11.76235,69.05622,10
133.86226,-11.76175,67.9109,9
133.86005,-11.76159,67.91039,9
133.90082,-11.76151,67.9465,9
133.80852,-11.75921,68.18424,9
133.85213,-11.75838,68.94089,10
133.84995,-11.75829,66.21545,10
130.31218,-11.75806,65.53332,9
130.31143,-11.75788,65.79702,9
133.85689,-11.75777,68.04531,9
133.85469,-11.75765,69.44862,9
133.8414,-11.7504,67.891945,10
133.83923,-11.75039,67.84134,10
133.81003,-11.74961,67.83747,10
133.82796,-11.73789,67.98136,10
131.0941,-11.73429,63.18885,9
133.82735,-11.7333,69.526535,9
131.105,-11.73296,64.06095,9
131.09363,-11.72874,67.317215,9
131.10089,-11.72786,63.18071,9
131.10034,-11.72232,62.71023,9
133.06432,-11.70141,68.06789,10
133.06851,-11.69105,64.24205,9
133.02324,-11.65839,65.45946,9
133.02065,-11.65774,65.33593,9
131.31218,-11.61726,65.35546,9
132.82216,-11.6051,66.18746,9
131.28726,-11.5872,62.626167,9
131.29083,-11.58676,63.397804,9
131.2829,-11.5822,67.37393,9
132.8584,-11.58062,67.83726,9
130.43237,-11.57832,66.817245,9
132.85672,-11.57816,67.800186,9
131.27495,-11.57764,65.57529,9
131.20978,-11.57444,62.902744,9
131.22032,-11.57317,62.902744,9
130.43172,-11.57256,67.28031,9
131.27428,-11.5722,67.53527,9
131.28156,-11.57131,64.33119,9
131.22331,-11.56726,64.038895,9
131.26996,-11.56719,64.96667,9
130.43102,-11.5668,64.23297,9
131.27724,-11.56631,64.52856,9
131.22224,-11.56624,63.75666,9
132.79913,-11.56581,65.07009,9
132.81728,-11.56581,68.15896,9
132.8157,-11.56364,68.80255,9
132.82124,-11.56292,68.247246,9
131.26929,-11.56174,66.25568,9
132.81111,-11.56158,64.13318,9
130.42625,-11.56153,67.10899,9
131.27286,-11.56131,62.98886,9
132.81667,-11.5609,65.4391,9
132.83781,-11.56074,63.917442,9
130.18436,-11.56068,67.05208,9
130.1828,-11.56051,67.55762,9
131.26801,-11.5604,67.90625,9
130.18715,-11.56001,62.83728,9
131.27159,-11.55994,67.73298,9
132.80959,-11.55945,62.978107,9
131.244,-11.55924,64.90088,9
132.81511,-11.55873,67.10028,9
131.23941,-11.55851,62.760857,9
131.24287,-11.55806,63.392204,9
131.24637,-11.55762,63.10704,9
132.81604,-11.55599,67.00964,9
131.2364,-11.55461,67.61707,9
132.80898,-11.55454,64.01827,9
132.81451,-11.55382,67.30103,9
131.23529,-11.55348,68.13593,9
132.90193,-11.53744,65.33577,9
132.89038,-11.53399,67.18001,9
130.55309,-11.51523,63.686413,9
130.29738,-11.50558,64.378296,9
130.49493,-11.50498,65.66784,9
130.4991,-11.50447,63.06936,9
131.3371,-11.50202,67.15946,9
130.29237,-11.50029,65.55005,9
130.49416,-11.49927,65.66784,9
130.49829,-11.49876,62.79338,9
130.97038,-11.49675,67.871826,9
130.97412,-11.4963,66.09434,9
130.97368,-11.49101,66.691154,9
130.9734,-11.49076,51.374733,9
131.14343,-11.48708,64.645065,9
130.98691,-11.47807,66.7484,9
130.98665,-11.47791,66.7484,9
130.99051,-11.47761,65.0215,9
130.99025,-11.47749,65.41755,9
131.16647,-11.46204,67.58051,9
131.12616,-11.46129,66.88521,9
131.16641,-11.46089,68.028625,9
131.12979,-11.46086,56.65574,9
131.12616,-11.46043,67.31819,9
131.12978,-11.45997,66.209816,9
131.16589,-11.45654,64.27414,9
131.16582,-11.4554,64.33851,9
131.11418,-11.45156,67.05635,9
131.11775,-11.45114,63.576122,9
130.84027,-11.45111,63.652546,9
131.11424,-11.45078,67.88299,9
131.16881,-11.45064,65.02767,9
131.16873,-11.44947,65.55165,9
131.10631,-11.4462,64.25752,9
131.11003,-11.44573,67.050644,9
131.17165,-11.44474,65.33593,9
130.3689,-11.44426,63.53976,9
131.17157,-11.44355,65.305145,9
130.36842,-11.44345,63.910732,9
131.10565,-11.4407,68.01675,9
130.78864,-11.44036,66.02839,9
131.10938,-11.44023,64.66917,9
130.35605,-11.43991,61.688583,9
130.35561,-11.43919,61.701553,9
131.13782,-11.43667,67.198105,9
131.09744,-11.43614,65.67257,9
131.39583,-11.43444,65.0865,9
131.17734,-11.43171,64.5022,9
131.39526,-11.43166,64.36425,9
131.13379,-11.4316,67.15592,9
131.13736,-11.43115,63.579453,9
131.13329,-11.42609,65.182846,9
131.08867,-11.42606,66.26682,9
131.12915,-11.42103,63.57033,9
131.0844,-11.421,67.04244,9
131.17593,-11.42077,66.30877,9
130.98358,-11.41658,64.30789,9
131.12132,-11.41643,65.202515,9
130.33585,-11.4123,64.93587,9
131.11697,-11.4114,67.7665,9
131.12064,-11.41094,64.39388,9
131.07962,-11.41041,63.82781,9
131.08336,-11.40995,67.544785,9
131.19263,-11.40759,64.18764,9
131.07907,-11.40489,65.56924,9
131.0827,-11.40445,65.56924,9
130.43329,-11.4004,67.24413,9
131.43019,-11.39986,64.61042,9
131.0784,-11.39939,65.556076,9
131.082,-11.39895,63.82781,9
131.95869,-11.39758,65.32001,9
131.09653,-11.39717,58.779907,9
130.96648,-11.39615,65.11412,9
131.08128,-11.39345,67.28511,9
131.43967,-11.39321,67.267204,9
131.08482,-11.39301,67.370316,9
130.95834,-11.3915,63.71776,9
131.08052,-11.38795,65.68814,9
131.44243,-11.38741,68.56468,9
131.41452,-11.38544,66.481,9
132.03061,-11.38334,81.925804,9
131.44528,-11.38159,67.34694,9
132.03322,-11.37777,83.579994,9
131.45805,-11.37454,68.93288,9
132.03267,-11.3726,83.3653,9
131.4608,-11.36875,65.73642,9
130.96065,-11.35794,63.987648,9
132.11482,-11.35197,66.9311,9
132.11417,-11.34684,66.8064,9
132.03642,-11.30695,67.65904,9
132.03951,-11.30656,67.8525,9
132.04131,-11.29586,62.48916,9
132.04378,-11.29031,65.94681,9
132.03995,-11.28556,65.20574,9
132.03612,-11.2808,67.13105,9
131.97923,-11.25639,67.25608,9
131.97694,-11.25494,66.966866,9
131.98013,-11.25452,68.40012,9
131.97545,-11.25161,66.34774,9
131.97862,-11.25121,67.62362,9
131.97632,-11.24976,67.75031,9
131.97568,-11.24459,61.887913,9
131.97728,-11.24087,63.356834,9
132.32784,-11.21842,69.57751,9
132.33083,-11.21804,65.9612,9
132.30287,-11.20706,65.52311,9
132.30583,-11.20667,67.27049,9
132.30211,-11.2062,76.61403,9
132.30507,-11.20584,65.72856,9
132.2933,-11.20317,68.022064,9
132.29251,-11.20225,65.820595,9
132.29549,-11.20188,66.51256,9
132.29263,-11.19812,76.22493,9
132.29559,-11.19773,64.16145,9
132.28606,-11.19383,69.35105,9
132.28903,-11.19344,69.01976,9
116.07759,-34.71635,73.11516,2
116.07699,-34.71245,72.84026,2
117.4271,-32.09435,68.4075,12
124.87058,-18.54132,70.48287,10
124.85907,-18.53869,71.796844,10
124.8748,-18.53559,65.3005,10
124.8853,-18.53353,66.6081,10
122.87259,-18.01956,65.83485,10
122.87659,-18.01882,69.94222,10
122.88059,-18.01807,71.31418,10
122.88377,-18.01314,69.658035,10
122.88776,-18.01239,63.68361,10
122.89175,-18.01164,70.79019,10
122.89577,-18.01089,71.564354,10
122.89894,-18.00596,71.522995,10
122.90211,-18.00102,69.93117,10
122.90125,-17.99684,70.365295,6
124.08944,-17.9872,70.72858,10
124.09425,-17.98626,70.23435,10
124.14444,-17.98586,73.10496,10
124.09109,-17.98585,70.410484,10
124.07888,-17.98457,63.669464,10
124.07571,-17.98405,62.648094,10
124.14351,-17.98133,71.140594,10
124.01577,-17.98132,72.473404,10
124.02054,-17.98041,65.37127,10
124.02531,-17.97952,69.699486,10
124.14257,-17.97681,71.12086,10
124.13952,-17.97674,72.073425,10
124.02916,-17.97412,69.53741,10
124.13679,-17.97323,70.95462,10
124.13857,-17.97222,71.463974,10
124.04256,-17.96691,67.49775,10
124.04639,-17.9615,64.98831,10
124.05591,-17.95969,65.44731,10
124.06068,-17.95878,64.7156,10
122.92422,-17.9574,71.564354,6
122.92827,-17.95665,73.10496,6
122.93148,-17.95171,72.734406,6
122.93065,-17.94752,72.32826,6
122.92981,-17.94332,71.87117,6
122.92492,-17.93987,72.68221,6
122.92898,-17.93912,72.68221,6
122.92407,-17.93567,71.00081,6
122.91918,-17.93223,71.85955,6
122.92323,-17.93148,71.68063,6
122.91833,-17.92804,71.43379,6
122.91342,-17.9246,71.82855,6
122.90852,-17.92116,69.25787,10
123.55219,-17.58216,69.98563,10
123.55667,-17.58131,69.768005,10
123.54946,-17.56899,69.91045,10
123.55122,-17.55497,71.4842,10
123.54136,-17.5523,71.43116,10
123.54583,-17.55144,71.36216,10
123.55031,-17.55058,71.284454,10
123.54046,-17.54791,70.85122,10
123.54494,-17.54705,71.284454,10
122.3578,-17.42324,75.502396,10
122.35619,-17.41507,76.11376,10
122.35081,-17.40758,75.95196,10
122.35001,-17.40349,74.32326,10
122.34924,-17.3994,75.98991,10
122.34468,-17.39599,75.24229,10
124.02211,-17.19846,68.97962,10
124.0496,-17.16001,64.832146,10
122.96004,-16.88763,69.993835,10
122.9643,-16.88686,68.793175,10
122.9585,-16.88585,69.83864,10
122.96275,-16.88504,71.036705,10
122.95493,-16.88412,70.456764,10
122.95921,-16.88335,71.40004,10
122.95343,-16.88237,71.53995,10
128.26364,-16.80083,67.43206,10
124.13604,-16.79726,68.099945,10
124.55028,-16.78586,71.29373,10
124.57575,-16.78584,65.81532,10
124.72857,-16.78535,70.73693,10
124.57793,-16.78531,71.53601,10
124.55335,-16.78518,70.0111,10
124.55556,-16.78481,71.41023,10
124.58116,-16.78481,67.13977,10
124.13314,-16.78339,67.67527,10
124.56619,-16.7827,66.549416,10
124.56932,-16.78212,65.81532,10
124.58237,-16.77948,71.672905,10
124.58562,-16.77901,71.441666,10
124.71941,-16.77834,65.41936,10
124.72478,-16.77731,69.38208,10
124.72117,-16.77681,70.00004,10
124.72658,-16.77574,71.540535,10
124.25267,-16.77462,64.50019,10
124.71858,-16.7735,71.57925,10
124.41335,-16.77272,68.23553,10
124.72388,-16.77249,69.79579,10
124.67391,-16.77205,67.39439,10
124.72034,-16.77197,71.18448,10
124.72566,-16.77091,71.31346,10
124.61108,-16.76917,68.987076,10
124.24052,-16.76729,66.3876,10
124.4176,-16.767,68.06696,10
124.70116,-16.76684,71.00264,10
124.6976,-16.76649,71.8015,10
124.73346,-16.76566,71.04143,10
124.70301,-16.76542,71.8792,10
124.71181,-16.7648,71.8015,10
124.70834,-16.76435,66.13322,10
124.7352,-16.76402,70.66013,10
124.63844,-16.76392,67.15849,10
124.7136,-16.7633,71.71704,10
124.69473,-16.76308,66.44774,10
124.70019,-16.76204,70.3941,10
124.6966,-16.76169,70.47893,10
124.70562,-16.761,71.8015,10
124.82769,-16.76071,64.770874,10
124.70206,-16.7606,70.3941,10
124.76311,-16.75846,68.605865,10
124.82503,-16.75821,67.19959,10
124.82088,-16.75702,70.051674,10
124.80723,-16.75657,71.56113,10
124.62566,-16.75643,69.96346,10
124.80324,-16.7555,70.53779,10
124.81831,-16.75446,70.71219,10
124.19352,-16.75439,64.43447,10
124.80889,-16.75437,69.181305,10
124.24645,-16.75409,64.71201,10
124.61385,-16.75374,71.50835,10
124.18993,-16.753,67.75402,10
124.79104,-16.7529,71.39792,10
124.80056,-16.75282,70.01408,10
124.61926,-16.7527,70.08972,10
124.81986,-16.75219,72.36193,10
123.92876,-16.75197,67.80099,10
124.79662,-16.75178,70.46993,10
124.80224,-16.75067,71.40593,10
124.78835,-16.75014,70.53779,10
124.1925,-16.74975,69.29576,10
123.84267,-16.74951,69.924576,10
124.78447,-16.74918,68.93676,10
124.79391,-16.74907,71.455894,10
124.19753,-16.74881,68.69986,10
124.79002,-16.74807,70.01408,10
124.79952,-16.74799,71.39792,10
124.6183,-16.74791,69.923935,10
124.19393,-16.74738,68.49556,10
124.79556,-16.74697,69.79579,10
124.77224,-16.7466,71.29671,10
123.83688,-16.74591,70.68249,10
124.73529,-16.74529,71.558586,10
123.84175,-16.74497,70.61934,10
124.74043,-16.7443,70.78812,10
124.76009,-16.744,70.33649,10
124.76949,-16.74372,69.929245,10
124.33693,-16.74358,68.93979,10
124.74578,-16.74326,70.50494,10
124.76569,-16.74288,71.4946,10
124.34006,-16.74133,68.537994,10
124.75723,-16.74106,69.9304,10
124.76294,-16.73996,63.600906,10
123.84569,-16.73949,69.17678,10
124.74496,-16.73841,70.1674,10
124.25369,-16.73818,64.27861,10
124.75059,-16.73733,69.9304,10
124.75623,-16.73624,72.240654,10
124.19454,-16.73488,64.2195,10
124.15128,-16.72864,65.200195,10
124.34744,-16.7253,69.043564,10
124.09811,-16.72437,68.7171,10
124.34851,-16.72177,69.402824,10
124.3194,-16.72086,69.6754,10
124.34645,-16.72061,68.17917,10
124.33714,-16.71913,68.43685,10
124.34235,-16.7181,68.30518,10
124.34026,-16.7169,68.698784,10
124.31846,-16.71617,69.60452,10
123.88787,-16.71247,69.236336,10
123.89017,-16.71197,67.68899,10
123.86898,-16.70662,67.92021,10
124.17269,-16.70524,68.00433,10
123.90433,-16.69518,71.46035,10
123.90668,-16.69453,70.03347,10
123.90911,-16.69429,70.03347,10
123.91378,-16.69341,71.27118,10
123.88876,-16.69336,70.32987,10
123.88779,-16.68881,72.2668,10
123.91744,-16.68797,70.7978,10
123.89268,-16.68789,71.309296,10
123.89751,-16.68698,70.84943,10
123.84612,-16.68246,71.4901,10
123.92523,-16.67701,70.4895,10
124.02583,-16.67602,64.70591,10
123.82316,-16.67264,71.05551,10
123.82838,-16.67165,70.29313,10
123.81715,-16.66906,71.31716,10
123.82219,-16.6681,72.17326,10
123.75195,-16.66264,72.02814,10
123.92706,-16.65766,72.16555,10
123.8657,-16.63142,66.22761,10
123.86472,-16.62687,65.81929,10
122.94435,-16.6237,63.415028,10
122.95718,-16.62133,71.48462,10
122.92137,-16.61904,79.39158,10
128.159,-16.61891,64.43548,10
122.95208,-16.61781,69.95639,10
123.71563,-16.60278,70.88227,10
123.7099,-16.59916,70.95013,10
123.71474,-16.59825,72.190765,10
123.70898,-16.59464,72.04712,10
123.70321,-16.59104,71.450066,10
123.69733,-16.58747,71.138916,10
123.70233,-16.58652,70.57184,10
125.18946,-16.57454,62.75378,6
123.72429,-16.54479,75.29408,10
123.72913,-16.54386,75.62544,10
123.73852,-16.54206,76.434586,10
123.7184,-16.54122,74.95977,10
123.72829,-16.53932,78.74552,10
123.68776,-16.53772,72.559555,10
123.71216,-16.53772,71.13,10
123.69704,-16.53593,72.00372,10
124.76073,-16.49757,72.63413,10
125.31596,-16.47152,65.41082,10
125.48222,-16.47009,69.181076,6
125.47797,-16.46565,67.84003,10
125.47372,-16.4612,71.25516,10
125.50385,-16.3863,68.35969,10
125.50223,-16.38394,66.42753,10
125.57441,-16.28979,68.946236,10
126.39819,-16.26992,65.75213,10
126.40183,-16.26918,68.332924,10
126.40545,-16.26844,69.63586,10
126.3825,-16.26748,64.707634,6
126.38609,-16.26676,67.76323,6
126.38967,-16.26602,65.36723,6
126.37785,-16.26281,69.38764,6
126.38142,-16.26208,68.69749,6
126.36845,-16.25348,65.53595,10
126.42844,-16.25247,65.07976,10
126.35629,-16.25035,69.50054,6
126.35991,-16.24961,70.01629,6
126.36354,-16.24886,70.37654,10
126.35129,-16.24576,66.45785,6
125.26139,-16.24376,67.769485,10
125.26724,-16.24259,64.19597,10
126.34634,-16.24116,65.74077,10
126.3343,-16.23802,65.87023,10
126.33788,-16.23728,69.257256,6
126.3338,-16.23615,68.2996,10
126.33743,-16.23542,69.51589,10
126.34883,-16.23502,66.42813,10
126.33327,-16.23262,69.758354,10
126.33689,-16.23187,70.5967,10
126.35585,-16.23176,70.74025,6
126.36726,-16.23122,70.69161,10
126.35953,-16.23103,70.15493,10
126.33282,-16.23073,70.91434,10
126.37089,-16.23046,70.387314,10
126.33646,-16.23001,66.64289,10
126.36686,-16.22957,70.58506,10
126.37049,-16.22885,70.894035,10
126.35516,-16.22809,69.91092,6
126.3588,-16.22734,69.99974,6
126.35468,-16.22638,70.15493,6
126.35831,-16.22565,70.90761,6
126.33907,-16.22388,69.28025,10
126.35023,-16.22349,70.20052,6
126.34256,-16.22318,69.02073,10
126.3497,-16.22175,70.17468,6
126.33855,-16.22029,63.6179,10
126.34199,-16.21958,67.35935,6
125.15855,-16.15021,65.44861,10
125.61133,-16.13442,69.66933,10
125.59171,-16.13293,67.98919,10
125.59479,-16.13232,68.65676,10
125.59786,-16.13171,64.905525,10
125.26484,-16.12371,67.901726,10
125.27784,-16.11059,65.073,10
125.2316,-16.11049,65.971664,10
125.22183,-16.10716,69.688934,10
125.22473,-16.10659,70.846886,10
125.22764,-16.10603,67.952515,10
125.27869,-16.09609,65.00782,10
125.12848,-16.0941,64.712944,10
125.13133,-16.09353,67.49595,10
125.14013,-16.09181,67.00757,10
125.27457,-16.09164,65.97081,10
125.1432,-16.09121,64.40491,10
125.14192,-16.08625,64.580414,10
125.29404,-16.07733,69.76575,10
125.17928,-16.06846,65.5049,10
125.63688,-16.06485,64.26232,10
125.64338,-16.06354,67.78348,10
125.64661,-16.06289,68.00176,10
125.64979,-16.06224,69.419014,10
125.29649,-16.06106,64.00735,10
125.26142,-16.05747,68.89203,10
125.2645,-16.05686,68.15285,10
125.25732,-16.05303,69.36694,10
125.08385,-16.04576,67.02788,10
125.07519,-16.04252,67.661995,10
125.0771,-16.04192,67.511765,10
125.10005,-16.03254,67.84668,10
125.09905,-16.03232,67.80282,10
125.103,-16.03197,64.09251,10
125.10201,-16.03173,67.254196,10
125.37869,-16.00778,70.90501,10
125.37428,-16.00337,66.572655,10
125.37729,-16.00277,68.37752,10
125.38025,-16.00217,65.77866,10
125.38168,-15.99659,68.20138,10
125.59999,-15.99566,66.2386,10
125.59879,-15.99052,69.45772,10
125.62585,-15.95819,69.48889,10
125.65802,-15.95171,64.022156,10
125.57973,-15.94597,68.78406,10
125.57794,-15.94511,62.535915,10
125.58109,-15.94449,69.31922,10
125.62157,-15.93749,69.54417,10
125.6199,-15.93692,67.62393,10
125.61117,-15.93421,64.571175,10
125.61421,-15.9336,69.27777,10
125.61715,-15.933,70.386986,10
125.61248,-15.93299,69.27777,10
125.61544,-15.93241,69.35119,10
125.57364,-15.8976,70.099815,10
125.57697,-15.89694,62.5221,10
125.57583,-15.89179,67.4703,10
125.57923,-15.89112,67.56437,10
125.57819,-15.88595,70.92351,10
125.58158,-15.88527,68.855865,10
125.58047,-15.88012,68.43011,10
125.57834,-15.85364,66.50072,10
125.58155,-15.85299,69.84669,10
125.58483,-15.85233,64.03125,10
125.57761,-15.8484,70.8319,10
125.58086,-15.84775,70.85239,10
125.56321,-15.84055,64.47451,10
125.44524,-15.78751,67.55868,10
125.46242,-15.70751,69.70056,10
125.11063,-15.65722,67.70103,10
125.1034,-15.63769,67.65239,10
125.74271,-15.61929,67.62216,10
125.72723,-15.61148,63.99289,10
125.03494,-15.60507,65.25237,10
125.03787,-15.60451,68.94243,10
125.82035,-15.60369,71.60114,10
125.82384,-15.60298,71.21518,10
127.79535,-15.60275,64.54001,10
125.03381,-15.60007,63.334072,10
125.81583,-15.5991,66.793434,10
125.81935,-15.5984,63.50671,10
125.0356,-15.59452,69.503845,10
125.81145,-15.59449,69.04405,10
125.0385,-15.59395,68.402115,10
125.81489,-15.5938,69.3904,10
125.80397,-15.59052,69.58009,10
125.0348,-15.58946,65.14846,10
125.72351,-15.56894,67.54878,10
125.72693,-15.56827,77.29505,10
125.75491,-15.56823,63.62971,10
125.73032,-15.5676,66.664116,10
125.73365,-15.56694,63.530216,10
125.71081,-15.5387,64.34015,10
125.714,-15.53807,64.825195,10
125.59826,-15.52855,67.13174,10
125.68526,-15.51108,67.77613,10
125.68745,-15.50518,67.45977,10
125.28143,-15.33489,68.41506,10
125.28634,-15.32861,68.09002,10
125.29132,-15.32231,78.16821,10
125.56214,-15.25857,65.00428,10
125.65671,-15.17503,66.962494,10
125.65608,-15.1744,70.08108,10
125.65942,-15.17372,63.730965,10
125.66344,-15.17372,67.86189,10
125.66686,-15.17306,68.70725,10
125.66277,-15.17305,69.39281,10
125.66618,-15.17236,69.312454,10
125.66958,-15.17167,63.79055,10
125.65902,-15.16911,67.58743,10
125.66918,-15.16713,67.85588,10
125.6726,-15.16647,68.34918,10
125.67603,-15.1658,64.78878,10
125.67946,-15.16514,67.951324,10
125.68295,-15.16446,65.42082,10
125.67872,-15.16434,68.006935,10
125.68221,-15.16364,64.283615,10
130.00478,-14.38849,64.63506,10
129.55499,-14.35066,62.99269,9
129.5555,-14.34843,67.76918,9
129.5535,-14.34393,67.74557,9
129.66469,-14.34063,63.84588,9
130.34146,-14.14922,67.88289,10
130.33975,-14.14219,63.997013,10
125.758,-15.00276,70.78889,10
125.75336,-14.99816,69.80432,10
126.02473,-14.86543,64.545944,10
126.02036,-14.86475,69.82328,10
126.02382,-14.86407,65.680435,10
126.01576,-14.86002,69.7114,10
126.01924,-14.85934,69.82328,10
126.02269,-14.85865,65.680435,10
125.96867,-14.84684,65.40809,10
125.97583,-14.84541,64.370735,10
125.96043,-14.84285,65.43456,10
125.96401,-14.84214,68.13541,10
125.96758,-14.84143,69.29946,10
125.96287,-14.83675,67.82123,10
126.3056,-14.5107,70.52897,10
126.21458,-14.47811,69.879555,10
126.25735,-14.47536,67.86829,10
126.21724,-14.47183,68.46989,10
126.19645,-14.46449,71.34854,10
126.20016,-14.46375,72.098465,10
126.21916,-14.44269,64.035255,10
126.30167,-14.39714,65.08516,10
126.29816,-14.39352,68.61638,10
126.29687,-14.39233,67.63342,10
126.28949,-14.38944,64.2728,10
126.29323,-14.38871,67.94947,10
126.29195,-14.38755,68.095276,10
126.14371,-14.35503,62.200714,10
126.14742,-14.35429,66.8579,10
126.63687,-14.35235,63.53433,10
126.29475,-14.33632,72.20077,10
126.1124,-14.33268,68.115036,9
126.28584,-14.33232,64.134155,10
126.2897,-14.33154,64.6175,10
126.09563,-14.32487,64.844986,10
126.09572,-14.32461,64.844986,10
126.09917,-14.32417,66.835045,10
126.09925,-14.32389,76.74456,10
126.09429,-14.31941,75.043724,10
126.09439,-14.31915,65.33135,10
126.09779,-14.31873,70.551094,10
126.09789,-14.31845,70.32272,10
126.10137,-14.31803,70.4252,10
126.10143,-14.31772,77.335846,10
126.11582,-14.3152,71.3282,10
126.11587,-14.31479,70.73796,10
126.1231,-14.31377,67.74529,10
126.12313,-14.31331,70.45411,10
126.09631,-14.3133,71.58689,10
126.09644,-14.31301,71.730515,10
126.11828,-14.30899,63.130604,10
126.11834,-14.30856,64.96563,10
126.2393,-14.27947,66.73156,10
126.23904,-14.27816,65.08785,10
126.29008,-14.27525,69.19066,10
126.23433,-14.27467,70.61961,10
126.28965,-14.27361,69.930855,10
126.22939,-14.26988,70.078926,10
126.28461,-14.26884,64.689255,10
126.17764,-14.26859,66.40221,10
126.18147,-14.26783,65.31645,10
126.2799,-14.26567,70.729744,10
126.17651,-14.26306,67.233536,10
126.52783,-14.23656,63.078506,10
129.60847,-14.21533,66.865845,10
129.93633,-13.9439,69.489746,10
129.93492,-13.94293,67.82078,10
129.93982,-13.92864,68.359024,10
129.93843,-13.92762,63.618225,10
129.94514,-13.92613,64.30967,9
130.05667,-13.8522,67.81529,9
130.06348,-13.85071,67.32592,9
130.05362,-13.84757,67.76908,9
130.05527,-13.84519,67.78788,9
129.90742,-13.81955,66.46644,9
130.25993,-13.80753,66.65232,10
130.25728,-13.80412,66.63315,10
130.25842,-13.80046,68.730255,10
130.25568,-13.79706,64.19825,10
130.28786,-13.64164,68.6615,10
130.28619,-13.63853,69.53234,10
130.28624,-13.63456,68.26248,10
130.28448,-13.63147,68.25916,10
130.30066,-13.63134,68.11799,10
130.28455,-13.6275,67.78363,10
130.28278,-13.62441,68.544945,10
129.94766,-13.60951,62.92246,9
129.91467,-13.58931,66.78459,9
